pair,timeframe,direction,entry,exit,entry_time,exit_time,pips,pnl,lots,result,regime,confidence,capital
EUR_USD,M15,BUY,1.1880717277526855,1.1902602825845991,2026-02-09 12:30:00+00:00,2026-02-09 13:15:00+00:00,21.9,228.98,1.14,WIN,TREND,0.625,10228.98
EUR_USD,M15,BUY,1.1920371055603027,1.1910336400781358,2026-02-10 09:30:00+00:00,2026-02-10 11:15:00+00:00,-10.0,-120.71,1.02,LOSS,TREND,0.625,10108.26
EUR_USD,M15,BUY,1.1923214197158813,1.1913645224911826,2026-02-10 14:15:00+00:00,2026-02-10 14:45:00+00:00,-9.6,-120.51,1.06,LOSS,TREND,0.625,9987.75
EUR_USD,M15,BUY,1.1882128715515137,1.187352636030742,2026-02-12 08:15:00+00:00,2026-02-12 12:45:00+00:00,-8.6,-120.67,1.16,LOSS,STRONG_TREND,0.625,9867.08
EUR_USD,M15,BUY,1.186661958694458,1.185861958694458,2026-02-13 09:15:00+00:00,2026-02-13 10:15:00+00:00,-8.0,-120.54,1.23,LOSS,STRONG_TREND,0.625,9746.54
EUR_USD,M15,BUY,1.1849744319915771,1.1841744319915772,2026-02-17 09:30:00+00:00,2026-02-17 11:30:00+00:00,-8.0,-119.56,1.22,LOSS,TREND,0.625,9626.98
EUR_USD,M15,BUY,1.184413194656372,1.1836131946563722,2026-02-18 07:00:00+00:00,2026-02-18 08:00:00+00:00,-8.0,-117.6,1.2,LOSS,TREND,0.625,9509.38
EUR_USD,M15,BUY,1.1796625852584839,1.178862585258484,2026-02-19 07:00:00+00:00,2026-02-19 11:15:00+00:00,-8.0,-116.62,1.19,LOSS,TREND,0.625,9392.76
EUR_USD,M15,BUY,1.1791062355041504,1.1783062355041505,2026-02-24 08:30:00+00:00,2026-02-24 11:45:00+00:00,-8.0,-114.66,1.17,LOSS,TREND,0.625,9278.1
EUR_USD,M15,BUY,1.1791062355041504,1.1781548815114158,2026-02-24 16:30:00+00:00,2026-02-24 18:45:00+00:00,-9.5,-110.87,0.98,LOSS,TREND,0.625,9167.23
EUR_USD,M15,BUY,1.1798018217086792,1.182146966457367,2026-02-25 15:30:00+00:00,2026-02-26 00:30:00+00:00,23.5,212.18,0.98,WIN,TREND,0.625,9379.41
EUR_USD,M15,BUY,1.1816140413284302,1.1808140413284303,2026-02-26 13:15:00+00:00,2026-02-26 13:30:00+00:00,-8.0,-114.66,1.17,LOSS,STRONG_TREND,0.625,9264.75
EUR_USD,M15,BUY,1.1807769536972046,1.1799769536972047,2026-02-26 13:30:00+00:00,2026-02-26 15:15:00+00:00,-8.0,-113.68,1.16,LOSS,STRONG_TREND,0.625,9151.07
EUR_USD,M15,BUY,1.1818934679031372,1.1810934679031373,2026-02-27 08:00:00+00:00,2026-02-27 09:00:00+00:00,-8.0,-111.72,1.14,LOSS,TREND,0.625,9039.35
EUR_USD,M15,BUY,1.1806375980377197,1.1798375980377198,2026-02-27 12:45:00+00:00,2026-02-27 13:30:00+00:00,-8.0,-110.74,1.13,LOSS,TREND,0.625,8928.61
EUR_USD,M15,BUY,1.1800801753997803,1.1823571473360062,2026-02-27 14:45:00+00:00,2026-02-27 16:15:00+00:00,22.8,205.5,0.98,WIN,TREND,0.625,9134.12
EUR_USD,M15,BUY,1.163873314857483,1.1623195111751556,2026-03-04 14:15:00+00:00,2026-03-04 15:00:00+00:00,-15.5,-102.29,0.59,LOSS,TREND,0.625,9031.82
EUR_USD,M15,BUY,1.1648223400115967,1.1634721670831953,2026-03-10 15:15:00+00:00,2026-03-10 18:00:00+00:00,-13.5,-102.52,0.67,LOSS,TREND,0.625,8929.3
EUR_USD,M15,BUY,1.1560693979263306,1.1552693979263307,2026-03-12 10:00:00+00:00,2026-03-12 10:15:00+00:00,-8.0,-109.76,1.12,LOSS,TREND,0.625,8819.54
EUR_USD,M15,BUY,1.1528706550598145,1.1515754163265228,2026-03-12 17:30:00+00:00,2026-03-12 18:30:00+00:00,-13.0,-100.32,0.68,LOSS,TREND,0.625,8719.23
EUR_USD,M15,BUY,1.154334545135498,1.1533508258206504,2026-03-18 10:45:00+00:00,2026-03-18 12:15:00+00:00,-9.8,-103.57,0.89,LOSS,TREND,0.625,8615.65
EUR_USD,M15,BUY,1.1575413942337036,1.1567413942337037,2026-03-20 07:15:00+00:00,2026-03-20 09:00:00+00:00,-8.0,-105.84,1.08,LOSS,STRONG_TREND,0.625,8509.81
EUR_USD,M15,BUY,1.15968918800354,1.1585221460887365,2026-03-24 11:15:00+00:00,2026-03-24 11:45:00+00:00,-11.7,-98.33,0.73,LOSS,TREND,0.625,8411.48
EUR_USD,M15,BUY,1.1592857837677002,1.158162270273481,2026-03-24 11:45:00+00:00,2026-03-24 13:00:00+00:00,-11.2,-97.76,0.75,LOSS,RANGING,0.625,8313.72
EUR_USD,M15,BUY,1.1592857837677002,1.1577460042067937,2026-03-24 15:30:00+00:00,2026-03-24 17:00:00+00:00,-15.4,-92.87,0.54,LOSS,TREND,0.625,8220.85
EUR_USD,M15,BUY,1.1471836566925049,1.146383656692505,2026-03-31 08:00:00+00:00,2026-03-31 10:45:00+00:00,-8.0,-100.94,1.03,LOSS,STRONG_TREND,0.625,8119.91
EUR_USD,H1,BUY,1.1008366346359253,1.0988949707576208,2023-08-07 17:00:00+00:00,2023-08-08 01:00:00+00:00,-19.4,-110.33,0.52,LOSS,TREND,0.625,9889.67
EUR_USD,H1,BUY,1.0943313837051392,1.093073593718665,2023-08-14 11:00:00+00:00,2023-08-14 12:00:00+00:00,-12.6,-113.59,0.79,LOSS,STRONG_TREND,0.625,9776.09
EUR_USD,H1,SELL,1.05988347530365,1.0565491701875414,2023-09-26 10:00:00+00:00,2023-09-26 18:00:00+00:00,33.3,230.26,0.73,WIN,STRONG_TREND,0.625,10006.35
EUR_USD,H1,BUY,1.053851842880249,1.056262350508145,2023-10-19 08:00:00+00:00,2023-10-19 11:00:00+00:00,24.1,231.97,1.04,WIN,TREND,0.625,10238.33
EUR_USD,H1,BUY,1.0606703758239746,1.063736108796937,2023-10-23 10:00:00+00:00,2023-10-23 15:00:00+00:00,30.7,239.52,0.83,WIN,TREND,0.625,10477.84
EUR_USD,H1,SELL,1.090869426727295,1.0924895448344094,2023-11-23 17:00:00+00:00,2023-11-24 12:00:00+00:00,-16.2,-117.01,0.65,LOSS,STRONG_TREND,0.75,10360.83
EUR_USD,H1,BUY,1.091941475868225,1.094842859676906,2023-11-24 12:00:00+00:00,2023-11-24 18:00:00+00:00,29.0,242.2,0.89,WIN,TREND,0.625,10603.04
EUR_USD,H1,SELL,1.0897995233535767,1.0862669263567244,2023-12-01 07:00:00+00:00,2023-12-01 14:00:00+00:00,35.3,251.44,0.75,WIN,STRONG_TREND,0.625,10854.48
EUR_USD,H1,BUY,1.0786322355270386,1.0773504333836692,2024-02-09 14:00:00+00:00,2024-02-12 09:00:00+00:00,-12.8,-124.25,0.85,LOSS,TREND,0.625,10730.23
EUR_USD,H1,BUY,1.073767900466919,1.0758970635277885,2024-02-15 10:00:00+00:00,2024-02-15 13:00:00+00:00,21.3,245.59,1.26,WIN,STRONG_TREND,0.625,10975.82
EUR_USD,H1,BUY,1.0771219730377197,1.0761093625000544,2024-02-15 13:00:00+00:00,2024-02-15 16:00:00+00:00,-10.1,-128.8,1.08,LOSS,STRONG_TREND,0.625,10847.02
EUR_USD,H1,BUY,1.0780508518218994,1.0770542068140847,2024-02-19 11:00:00+00:00,2024-02-19 14:00:00+00:00,-10.0,-128.25,1.09,LOSS,RANGING,0.625,10718.77
EUR_USD,H1,BUY,1.0835410356521606,1.0824354801859175,2024-02-23 13:00:00+00:00,2024-02-23 15:00:00+00:00,-11.1,-124.7,0.97,LOSS,TREND,0.625,10594.07
EUR_USD,H1,BUY,1.0835410356521606,1.0855410356521606,2024-02-26 08:00:00+00:00,2024-02-26 11:00:00+00:00,20.0,240.24,1.32,WIN,TREND,0.625,10834.31
EUR_USD,H1,BUY,1.0930156707763672,1.0950156707763672,2024-03-13 07:00:00+00:00,2024-03-13 15:00:00+00:00,20.0,245.7,1.35,WIN,STRONG_TREND,0.625,11080.01
EUR_USD,H1,BUY,1.0903936624526978,1.0895936624526978,2024-03-18 10:00:00+00:00,2024-03-18 12:00:00+00:00,-8.0,-136.22,1.39,LOSS,TREND,0.625,10943.79
EUR_USD,H1,BUY,1.0856584310531616,1.084801503590175,2024-03-26 09:00:00+00:00,2024-03-26 14:00:00+00:00,-8.6,-132.73,1.28,LOSS,STRONG_TREND,0.625,10811.06
EUR_USD,H1,BUY,1.074806571006775,1.0774625326905931,2024-04-02 10:00:00+00:00,2024-04-02 14:00:00+00:00,26.6,252.55,1.02,WIN,STRONG_TREND,0.625,11063.61
EUR_USD,H1,BUY,1.08119797706604,1.0801031376634325,2024-04-05 12:00:00+00:00,2024-04-05 13:00:00+00:00,-10.9,-128.76,1.01,LOSS,STRONG_TREND,0.625,10934.85
EUR_USD,H1,BUY,1.0864840745925903,1.0884840745925903,2024-04-09 11:00:00+00:00,2024-04-09 12:00:00+00:00,20.0,249.34,1.37,WIN,STRONG_TREND,0.625,11184.19
EUR_USD,H1,BUY,1.0868383646011353,1.0860383646011353,2024-04-10 10:00:00+00:00,2024-04-10 11:00:00+00:00,-8.0,-137.2,1.4,LOSS,TREND,0.625,11046.99
EUR_USD,H1,BUY,1.085894227027893,1.0850942270278932,2024-04-10 11:00:00+00:00,2024-04-10 12:00:00+00:00,-8.0,-135.24,1.38,LOSS,TREND,0.625,10911.75
EUR_USD,H1,BUY,1.0749220848083496,1.074067839554378,2024-05-08 11:00:00+00:00,2024-05-09 06:00:00+00:00,-8.5,-132.38,1.28,LOSS,TREND,0.625,10779.37
EUR_USD,H1,BUY,1.079563856124878,1.078763856124878,2024-05-14 11:00:00+00:00,2024-05-14 12:00:00+00:00,-8.0,-132.3,1.35,LOSS,TREND,0.625,10647.07
EUR_USD,H1,BUY,1.0806137323379517,1.0826137323379517,2024-05-14 12:00:00+00:00,2024-05-14 14:00:00+00:00,20.0,242.06,1.33,WIN,TREND,0.625,10889.13
EUR_USD,H1,BUY,1.087074637413025,1.086274637413025,2024-05-21 08:00:00+00:00,2024-05-21 12:00:00+00:00,-8.0,-133.28,1.36,LOSS,TREND,0.625,10755.85
EUR_USD,H1,BUY,1.08695650100708,1.0859292915889196,2024-06-05 14:00:00+00:00,2024-06-05 16:00:00+00:00,-10.3,-126.76,1.05,LOSS,TREND,0.625,10629.09
EUR_USD,H1,BUY,1.0796804428100586,1.0787161375795091,2024-06-13 10:00:00+00:00,2024-06-13 11:00:00+00:00,-9.6,-125.87,1.1,LOSS,STRONG_TREND,0.625,10503.22
EUR_USD,H1,BUY,1.0752688646316528,1.0742305048874445,2024-06-19 11:00:00+00:00,2024-06-20 02:00:00+00:00,-10.4,-123.05,1.01,LOSS,TREND,0.625,10380.16
EUR_USD,H1,BUY,1.0850694179534912,1.0870694179534912,2024-07-11 08:00:00+00:00,2024-07-11 12:00:00+00:00,20.0,236.6,1.3,WIN,TREND,0.625,10616.76
EUR_USD,H1,BUY,1.0905125141143799,1.0896472079413277,2024-07-16 11:00:00+00:00,2024-07-16 12:00:00+00:00,-8.7,-128.57,1.23,LOSS,TREND,0.625,10488.19
EUR_USD,H1,BUY,1.0883761644363403,1.0906031961951936,2024-07-16 12:00:00+00:00,2024-07-16 19:00:00+00:00,22.3,241.55,1.18,WIN,TREND,0.625,10729.74
EUR_USD,H1,BUY,1.0848339796066284,1.0835735585008348,2024-07-25 11:00:00+00:00,2024-07-25 13:00:00+00:00,-12.6,-122.44,0.85,LOSS,TREND,0.625,10607.3
EUR_USD,H1,BUY,1.0925379991531372,1.0912854075431824,2024-08-07 12:00:00+00:00,2024-08-08 12:00:00+00:00,-12.5,-121.77,0.85,LOSS,TREND,0.625,10485.53
EUR_USD,H1,BUY,1.0926573276519775,1.0954374692269735,2024-08-09 15:00:00+00:00,2024-08-13 13:00:00+00:00,27.8,244.41,0.94,WIN,TREND,0.625,10729.95
EUR_USD,H1,BUY,1.109385371208191,1.1082330175808497,2024-09-04 14:00:00+00:00,2024-09-04 15:00:00+00:00,-11.5,-123.91,0.93,LOSS,TREND,0.625,10606.04
EUR_USD,H1,BUY,1.1018069982528687,1.104375564626285,2024-09-12 09:00:00+00:00,2024-09-12 14:00:00+00:00,25.7,246.02,1.03,WIN,TREND,0.625,10852.06
EUR_USD,H1,BUY,1.1132138967514038,1.1123122530324119,2024-09-18 08:00:00+00:00,2024-09-18 12:00:00+00:00,-9.0,-129.8,1.2,LOSS,TREND,0.625,10722.26
EUR_USD,H1,BUY,1.0944511890411377,1.0930017616067613,2024-10-11 15:00:00+00:00,2024-10-13 23:00:00+00:00,-14.5,-120.58,0.74,LOSS,TREND,0.625,10601.68
EUR_USD,H1,BUY,1.086130142211914,1.085156921829496,2024-10-17 09:00:00+00:00,2024-10-17 12:00:00+00:00,-9.7,-125.7,1.09,LOSS,RANGING,0.625,10475.98
EUR_USD,H1,BUY,1.0834236145019531,1.08229284627097,2024-10-25 14:00:00+00:00,2024-10-25 15:00:00+00:00,-11.3,-121.9,0.93,LOSS,STRONG_TREND,0.625,10354.08
EUR_USD,H1,BUY,1.0808473825454712,1.079869602407728,2024-10-29 10:00:00+00:00,2024-10-29 12:00:00+00:00,-9.8,-122.72,1.06,LOSS,TREND,0.625,10231.36
EUR_USD,H1,BUY,1.0892059803009033,1.0914901686566216,2024-11-05 07:00:00+00:00,2024-11-05 16:00:00+00:00,22.8,235.67,1.12,WIN,TREND,0.625,10467.03
EUR_USD,H1,BUY,1.0441683530807495,1.043121678488595,2024-12-27 11:00:00+00:00,2024-12-27 14:00:00+00:00,-10.5,-122.67,1.0,LOSS,TREND,0.625,10344.36
EUR_USD,H1,SELL,1.0409077405929565,1.0426061408860343,2025-01-30 09:00:00+00:00,2025-01-30 13:00:00+00:00,-17.0,-114.58,0.61,LOSS,TREND,0.75,10229.78
EUR_USD,H1,BUY,1.1415525674819946,1.1453263078417097,2025-06-05 08:00:00+00:00,2025-06-05 13:00:00+00:00,37.7,244.37,0.68,WIN,STRONG_TREND,0.625,10474.15
EUR_USD,H1,BUY,1.1610356569290161,1.164268548999514,2025-08-06 10:00:00+00:00,2025-08-06 15:00:00+00:00,32.3,247.28,0.81,WIN,TREND,0.625,10721.44
EUR_USD,H1,BUY,1.1645511388778687,1.1629827107701982,2025-08-20 11:00:00+00:00,2025-08-21 07:00:00+00:00,-15.7,-118.89,0.68,LOSS,STRONG_TREND,0.625,10602.54
EUR_USD,H1,BUY,1.1637378931045532,1.1625524461269379,2025-10-24 12:00:00+00:00,2025-10-24 14:00:00+00:00,-11.9,-121.52,0.89,LOSS,TREND,0.625,10481.02
EUR_USD,H1,BUY,1.1621150970458984,1.1611325017043523,2025-12-02 14:00:00+00:00,2025-12-02 15:00:00+00:00,-9.8,-124.4,1.07,LOSS,STRONG_TREND,0.625,10356.62
EUR_USD,H1,BUY,1.1609008312225342,1.1598746946879797,2025-12-02 15:00:00+00:00,2025-12-02 16:00:00+00:00,-10.3,-121.82,1.01,LOSS,STRONG_TREND,0.625,10234.8
EUR_USD,H1,BUY,1.1665889024734497,1.1657158178942544,2025-12-05 07:00:00+00:00,2025-12-05 08:00:00+00:00,-8.7,-123.21,1.17,LOSS,TREND,0.625,10111.59
EUR_USD,H1,BUY,1.17384672164917,1.1729152926376887,2025-12-18 07:00:00+00:00,2025-12-18 09:00:00+00:00,-9.3,-121.15,1.09,LOSS,TREND,0.625,9990.44
EUR_USD,H1,BUY,1.178828239440918,1.1773699734892165,2025-12-26 14:00:00+00:00,2025-12-26 16:00:00+00:00,-14.6,-113.04,0.69,LOSS,TREND,0.625,9877.4
EUR_USD,H1,BUY,1.1659088134765625,1.1649024869714464,2026-01-13 12:00:00+00:00,2026-01-13 15:00:00+00:00,-10.1,-116.26,0.98,LOSS,TREND,0.625,9761.14
EUR_USD,H1,BUY,1.1663167476654053,1.1650656759738922,2026-01-14 15:00:00+00:00,2026-01-14 17:00:00+00:00,-12.5,-111.62,0.78,LOSS,TREND,0.625,9649.52
EUR_USD,H1,BUY,1.1706860065460205,1.1739806532859802,2026-01-22 11:00:00+00:00,2026-01-22 16:00:00+00:00,32.9,227.37,0.73,WIN,TREND,0.625,9876.89
EUR_USD,H1,BUY,1.1576753854751587,1.1557410785130091,2026-03-25 13:00:00+00:00,2026-03-26 06:00:00+00:00,-19.3,-107.83,0.51,LOSS,TREND,0.625,9769.06
EUR_USD,H1,BUY,1.1547343730926514,1.1539343730926515,2026-04-03 11:00:00+00:00,2026-04-03 12:00:00+00:00,-8.0,-119.56,1.22,LOSS,TREND,0.625,9649.5
EUR_USD,H4,SELL,1.0571942329406738,1.0616053172520228,2023-10-09 16:00:00+00:00,2023-10-10 12:00:00+00:00,-44.1,-105.59,0.23,LOSS,STRONG_TREND,0.625,9894.41
EUR_USD,H4,SELL,1.1061947345733643,1.1086421992097582,2023-12-27 08:00:00+00:00,2023-12-27 12:00:00+00:00,-24.5,-105.1,0.4,LOSS,STRONG_TREND,0.625,9789.31
EUR_USD,H4,BUY,1.0749220848083496,1.0806049832275935,2024-05-08 08:00:00+00:00,2024-05-13 12:00:00+00:00,56.8,236.62,0.43,WIN,STRONG_TREND,0.625,10025.93
EUR_USD,H4,BUY,1.0851871967315674,1.0821939281054906,2024-05-24 16:00:00+00:00,2024-05-29 12:00:00+00:00,-29.9,-104.72,0.33,LOSS,TREND,0.625,9921.21
EUR_USD,H4,SELL,1.0697474479675293,1.072431457894189,2024-06-26 08:00:00+00:00,2024-06-27 12:00:00+00:00,-26.8,-105.97,0.37,LOSS,TREND,0.625,9815.24
EUR_USD,H4,SELL,1.1354604959487915,1.140510584626879,2025-04-28 08:00:00+00:00,2025-04-28 12:00:00+00:00,-50.5,-99.37,0.19,LOSS,TREND,0.625,9715.87
EUR_USD,H4,BUY,1.1376564502716064,1.1323186372007643,2025-05-06 16:00:00+00:00,2025-05-07 16:00:00+00:00,-53.4,-99.32,0.18,LOSS,TREND,0.625,9616.55
EUR_USD,H4,SELL,1.1437721252441406,1.148019198860441,2025-06-11 08:00:00+00:00,2025-06-11 12:00:00+00:00,-42.5,-101.82,0.23,LOSS,RANGING,0.625,9514.73
EUR_USD,H4,SELL,1.1629259586334229,1.1656691176550729,2025-10-24 12:00:00+00:00,2025-10-27 20:00:00+00:00,-27.4,-102.31,0.35,LOSS,TREND,0.625,9412.42
EUR_USD,H4,BUY,1.1757789850234985,1.1726116665772028,2025-12-17 12:00:00+00:00,2025-12-18 08:00:00+00:00,-31.7,-100.42,0.3,LOSS,TREND,0.625,9312.0
EUR_USD,H4,BUY,1.177994966506958,1.1755223657403673,2025-12-26 08:00:00+00:00,2025-12-29 16:00:00+00:00,-24.7,-100.8,0.38,LOSS,STRONG_TREND,0.625,9211.2
GBP_USD,M15,BUY,1.3659709692001343,1.3685799602951323,2026-02-10 10:15:00+00:00,2026-02-10 12:15:00+00:00,26.1,233.18,0.96,WIN,RANGING,0.625,10233.18
GBP_USD,M15,BUY,1.3688879013061523,1.3709705088819777,2026-02-11 08:30:00+00:00,2026-02-11 10:45:00+00:00,20.8,234.02,1.23,WIN,TREND,0.625,10467.2
GBP_USD,M15,BUY,1.3636983633041382,1.3626405000686646,2026-02-12 08:15:00+00:00,2026-02-12 12:45:00+00:00,-10.6,-122.55,0.99,LOSS,STRONG_TREND,0.625,10344.66
GBP_USD,M15,BUY,1.3625091314315796,1.3614321989672524,2026-02-13 08:45:00+00:00,2026-02-13 11:00:00+00:00,-10.8,-120.67,0.96,LOSS,STRONG_TREND,0.625,10223.99
GBP_USD,M15,BUY,1.3646475076675415,1.3638475076675416,2026-02-16 08:15:00+00:00,2026-02-16 13:00:00+00:00,-8.0,-125.44,1.28,LOSS,TREND,0.625,10098.55
GBP_USD,M15,BUY,1.3558402061462402,1.3578402061462402,2026-02-18 07:00:00+00:00,2026-02-18 09:45:00+00:00,20.0,229.32,1.26,WIN,TREND,0.625,10327.87
GBP_USD,M15,BUY,1.357810139656067,1.3567277533667428,2026-02-18 10:00:00+00:00,2026-02-18 10:45:00+00:00,-10.8,-119.93,0.95,LOSS,STRONG_TREND,0.625,10207.94
GBP_USD,M15,BUY,1.3576257228851318,1.3566607279436929,2026-02-18 12:00:00+00:00,2026-02-18 13:30:00+00:00,-9.6,-121.37,1.06,LOSS,STRONG_TREND,0.625,10086.57
GBP_USD,M15,BUY,1.345949411392212,1.345149411392212,2026-02-20 07:15:00+00:00,2026-02-20 07:45:00+00:00,-8.0,-123.48,1.26,LOSS,TREND,0.625,9963.09
GBP_USD,M15,BUY,1.3477089405059814,1.351425907441548,2026-02-20 14:00:00+00:00,2026-02-23 00:00:00+00:00,37.2,236.98,0.67,WIN,TREND,0.625,10200.07
GBP_USD,M15,BUY,1.3527222871780396,1.3519222871780396,2026-02-23 07:00:00+00:00,2026-02-23 08:00:00+00:00,-8.0,-125.44,1.28,LOSS,TREND,0.625,10074.63
GBP_USD,M15,BUY,1.3518263101577759,1.350809178182057,2026-02-23 08:45:00+00:00,2026-02-23 09:15:00+00:00,-10.2,-118.52,0.99,LOSS,TREND,0.625,9956.11
GBP_USD,M15,BUY,1.3496187925338745,1.3486195164067405,2026-02-24 09:15:00+00:00,2026-02-24 11:00:00+00:00,-10.0,-117.93,1.0,LOSS,TREND,0.625,9838.19
GBP_USD,M15,BUY,1.3509314060211182,1.3535625892026084,2026-02-24 15:15:00+00:00,2026-02-24 16:15:00+00:00,26.3,227.96,0.93,WIN,TREND,0.625,10066.15
GBP_USD,M15,BUY,1.3495640754699707,1.3481732990060533,2026-02-27 08:45:00+00:00,2026-02-27 10:00:00+00:00,-13.9,-113.1,0.72,LOSS,TREND,0.625,9953.05
GBP_USD,M15,BUY,1.346293568611145,1.3446365637438638,2026-03-10 13:15:00+00:00,2026-03-10 14:00:00+00:00,-16.6,-110.22,0.6,LOSS,TREND,0.625,9842.83
GBP_USD,M15,BUY,1.3384552001953125,1.3376199092183794,2026-03-12 07:15:00+00:00,2026-03-12 08:45:00+00:00,-8.4,-119.8,1.18,LOSS,TREND,0.625,9723.03
GBP_USD,M15,BUY,1.3255919218063354,1.323706954717636,2026-03-13 12:00:00+00:00,2026-03-13 15:30:00+00:00,-18.8,-107.38,0.52,LOSS,STRONG_TREND,0.625,9615.65
GBP_USD,M15,BUY,1.334839105606079,1.333593270608357,2026-03-17 17:00:00+00:00,2026-03-18 12:15:00+00:00,-12.5,-109.79,0.77,LOSS,TREND,0.625,9505.86
GBP_USD,M15,BUY,1.3285770416259766,1.3327553804431642,2026-03-19 09:45:00+00:00,2026-03-19 13:45:00+00:00,41.8,227.91,0.57,WIN,STRONG_TREND,0.625,9733.76
GBP_USD,M15,BUY,1.3423576354980469,1.341490055833544,2026-03-20 07:15:00+00:00,2026-03-20 09:00:00+00:00,-8.7,-117.33,1.12,LOSS,STRONG_TREND,0.625,9616.44
GBP_USD,M15,BUY,1.318447232246399,1.3167247048446111,2026-03-30 16:30:00+00:00,2026-03-31 00:00:00+00:00,-17.2,-106.54,0.56,LOSS,STRONG_TREND,0.625,9509.89
GBP_USD,M15,BUY,1.3203359842300415,1.3232058520827974,2026-03-31 08:00:00+00:00,2026-03-31 11:45:00+00:00,28.7,223.26,0.83,WIN,TREND,0.625,9733.15
GBP_USD,M15,BUY,1.3235987424850464,1.3227987424850465,2026-04-03 09:30:00+00:00,2026-04-03 12:30:00+00:00,-8.0,-119.56,1.22,LOSS,TREND,0.625,9613.59
GBP_USD,M15,BUY,1.3213391304016113,1.3233391304016113,2026-04-06 07:00:00+00:00,2026-04-06 07:30:00+00:00,20.0,218.4,1.2,WIN,TREND,0.625,9831.99
GBP_USD,M15,SELL,1.3248454332351685,1.3260817272322518,2026-04-06 10:30:00+00:00,2026-04-06 14:15:00+00:00,-12.4,-113.3,0.8,LOSS,STRONG_TREND,0.625,9718.69
GBP_USD,M15,BUY,1.325228214263916,1.32854910833495,2026-04-07 16:15:00+00:00,2026-04-07 19:45:00+00:00,33.2,229.29,0.73,WIN,TREND,0.625,9947.97
GBP_USD,M15,BUY,1.3409876823425293,1.3398411401680537,2026-04-09 09:30:00+00:00,2026-04-09 11:00:00+00:00,-11.5,-115.41,0.87,LOSS,TREND,0.625,9832.57
GBP_USD,M15,BUY,1.342573881149292,1.341773881149292,2026-04-13 07:30:00+00:00,2026-04-13 12:00:00+00:00,-8.0,-120.54,1.23,LOSS,TREND,0.625,9712.03
GBP_USD,M15,BUY,1.344433069229126,1.346775819148336,2026-04-13 13:15:00+00:00,2026-04-13 16:30:00+00:00,23.4,224.93,1.04,WIN,TREND,0.625,9936.95
GBP_USD,M15,BUY,1.353126883506775,1.355126883506775,2026-04-14 07:00:00+00:00,2026-04-14 10:00:00+00:00,20.0,225.68,1.24,WIN,TREND,0.625,10162.63
GBP_USD,M15,BUY,1.3531560897827148,1.352356089782715,2026-04-17 08:45:00+00:00,2026-04-17 10:45:00+00:00,-8.0,-124.46,1.27,LOSS,TREND,0.625,10038.17
GBP_USD,M15,BUY,1.3540136814117432,1.3561997775520598,2026-04-17 12:15:00+00:00,2026-04-17 12:45:00+00:00,21.9,230.7,1.15,WIN,TREND,0.625,10268.87
GBP_USD,M15,BUY,1.35820472240448,1.3571731065000807,2026-04-17 12:45:00+00:00,2026-04-17 13:45:00+00:00,-10.3,-121.16,1.0,LOSS,TREND,0.625,10147.71
GBP_USD,M15,BUY,1.351384162902832,1.3538933055741447,2026-04-20 10:30:00+00:00,2026-04-20 15:30:00+00:00,25.1,235.24,1.01,WIN,TREND,0.625,10382.95
GBP_USD,M15,BUY,1.3526198863983154,1.3516106733254023,2026-04-22 08:15:00+00:00,2026-04-22 10:00:00+00:00,-10.1,-122.49,1.03,LOSS,TREND,0.625,10260.47
GBP_USD,M15,BUY,1.350581169128418,1.3497177021844047,2026-04-23 08:45:00+00:00,2026-04-23 09:00:00+00:00,-8.6,-124.17,1.19,LOSS,TREND,0.625,10136.29
GBP_USD,M15,BUY,1.349269151687622,1.3483716462339674,2026-04-23 09:00:00+00:00,2026-04-23 13:15:00+00:00,-9.0,-121.76,1.13,LOSS,TREND,0.625,10014.53
GBP_USD,M15,BUY,1.348233938217163,1.3506642431020737,2026-04-24 09:45:00+00:00,2026-04-24 14:15:00+00:00,24.3,231.78,1.03,WIN,TREND,0.625,10246.32
GBP_USD,M15,BUY,1.3511942625045776,1.3546300125973565,2026-04-24 16:15:00+00:00,2026-04-27 03:30:00+00:00,34.4,244.18,0.75,WIN,TREND,0.625,10490.5
GBP_USD,M15,BUY,1.3506395816802979,1.3498113410813468,2026-04-29 11:00:00+00:00,2026-04-29 13:15:00+00:00,-8.3,-128.05,1.27,LOSS,TREND,0.625,10362.45
GBP_USD,M15,BUY,1.3608405590057373,1.360035972935813,2026-05-01 07:00:00+00:00,2026-05-01 09:15:00+00:00,-8.0,-127.01,1.29,LOSS,STRONG_TREND,0.625,10235.44
GBP_USD,M15,BUY,1.3620638847351074,1.3609277648585183,2026-05-01 11:15:00+00:00,2026-05-01 11:45:00+00:00,-11.4,-118.45,0.9,LOSS,TREND,0.625,10116.99
GBP_USD,M15,BUY,1.3633822202682495,1.362271466425487,2026-05-01 12:00:00+00:00,2026-05-01 13:45:00+00:00,-11.1,-117.46,0.91,LOSS,TREND,0.625,9999.53
GBP_USD,H1,BUY,1.267861008644104,1.2659953662327357,2023-09-01 09:00:00+00:00,2023-09-01 14:00:00+00:00,-18.7,-110.46,0.54,LOSS,TREND,0.625,9889.54
GBP_USD,H1,BUY,1.2144027948379517,1.2127609252929688,2023-09-27 10:00:00+00:00,2023-09-27 16:00:00+00:00,-16.4,-109.31,0.6,LOSS,TREND,0.625,9780.22
GBP_USD,H1,BUY,1.2123122215270996,1.216544651559421,2023-10-05 08:00:00+00:00,2023-10-05 15:00:00+00:00,42.3,235.04,0.58,WIN,RANGING,0.625,10015.26
GBP_USD,H1,BUY,1.2707288265228271,1.2744932430131095,2023-12-26 17:00:00+00:00,2023-12-27 12:00:00+00:00,37.6,240.16,0.67,WIN,TREND,0.625,10255.42
GBP_USD,H1,SELL,1.2682629823684692,1.2697445835386003,2024-01-26 07:00:00+00:00,2024-01-26 08:00:00+00:00,-14.8,-114.65,0.69,LOSS,TREND,0.625,10140.77
GBP_USD,H1,BUY,1.2690516710281372,1.2680659592151642,2024-02-27 08:00:00+00:00,2024-02-27 10:00:00+00:00,-9.9,-120.07,1.03,LOSS,TREND,0.625,10020.7
GBP_USD,H1,BUY,1.2683273553848267,1.2671930491924286,2024-02-27 10:00:00+00:00,2024-02-27 14:00:00+00:00,-11.3,-115.66,0.88,LOSS,TREND,0.625,9905.04
GBP_USD,H1,BUY,1.2816076278686523,1.2805159815720148,2024-03-14 09:00:00+00:00,2024-03-14 12:00:00+00:00,-10.9,-115.72,0.91,LOSS,TREND,0.625,9789.32
GBP_USD,H1,BUY,1.2649260759353638,1.2640578959669386,2024-03-26 07:00:00+00:00,2024-03-26 12:00:00+00:00,-8.7,-118.44,1.13,LOSS,STRONG_TREND,0.625,9670.88
GBP_USD,H1,SELL,1.2458730936050415,1.2415020508425576,2024-04-16 11:00:00+00:00,2024-04-16 17:00:00+00:00,43.7,230.51,0.55,WIN,STRONG_TREND,0.625,9901.39
GBP_USD,H1,BUY,1.2551933526992798,1.253725290298462,2024-05-07 14:00:00+00:00,2024-05-07 15:00:00+00:00,-14.7,-110.42,0.67,LOSS,TREND,0.625,9790.97
GBP_USD,H1,BUY,1.2546263933181763,1.253570522580828,2024-05-13 11:00:00+00:00,2024-05-14 08:00:00+00:00,-10.6,-114.94,0.93,LOSS,TREND,0.625,9676.03
GBP_USD,H1,BUY,1.2716013193130493,1.2706181492124284,2024-05-21 10:00:00+00:00,2024-05-21 13:00:00+00:00,-9.8,-113.99,0.98,LOSS,TREND,0.625,9562.04
GBP_USD,H1,BUY,1.2748761177062988,1.273796605212348,2024-05-29 10:00:00+00:00,2024-05-29 11:00:00+00:00,-10.8,-112.1,0.89,LOSS,STRONG_TREND,0.75,9449.94
GBP_USD,H1,BUY,1.2731393575668335,1.2713316764150346,2024-06-10 15:00:00+00:00,2024-06-11 13:00:00+00:00,-18.1,-103.36,0.52,LOSS,TREND,0.625,9346.58
GBP_USD,H1,BUY,1.271213412284851,1.2744916464601244,2024-06-11 13:00:00+00:00,2024-06-11 18:00:00+00:00,32.8,219.97,0.71,WIN,TREND,0.625,9566.56
GBP_USD,H1,BUY,1.2701960802078247,1.2681610371385301,2024-06-18 16:00:00+00:00,2024-06-20 11:00:00+00:00,-20.4,-104.11,0.47,LOSS,TREND,0.625,9462.45
GBP_USD,H1,BUY,1.2798198461532593,1.2783468919140952,2024-07-09 14:00:00+00:00,2024-07-09 15:00:00+00:00,-14.7,-105.79,0.64,LOSS,TREND,0.625,9356.66
GBP_USD,H1,SELL,1.2919729948043823,1.2933092713356018,2024-07-24 11:00:00+00:00,2024-07-24 13:00:00+00:00,-13.4,-106.14,0.7,LOSS,STRONG_TREND,0.625,9250.52
GBP_USD,H1,BUY,1.2984988689422607,1.2973939776420593,2024-10-29 08:00:00+00:00,2024-10-29 09:00:00+00:00,-11.0,-107.93,0.84,LOSS,TREND,0.625,9142.59
GBP_USD,H1,BUY,1.2986844778060913,1.2974168913705009,2024-10-29 10:00:00+00:00,2024-10-29 12:00:00+00:00,-12.7,-104.23,0.72,LOSS,TREND,0.625,9038.36
GBP_USD,H1,BUY,1.2694060802459717,1.2675418300288064,2024-12-18 13:00:00+00:00,2024-12-18 19:00:00+00:00,-18.6,-98.12,0.48,LOSS,TREND,0.625,8940.24
GBP_USD,H1,BUY,1.2330000400543213,1.2378209275858743,2025-01-23 14:00:00+00:00,2025-01-24 02:00:00+00:00,48.2,213.48,0.46,WIN,TREND,0.625,9153.72
GBP_USD,H1,SELL,1.2403254508972168,1.2356582475560052,2025-02-10 11:00:00+00:00,2025-02-10 23:00:00+00:00,46.7,219.87,0.49,WIN,STRONG_TREND,0.625,9373.59
GBP_USD,H1,SELL,1.2565339803695679,1.2589890573705946,2025-02-14 07:00:00+00:00,2025-02-14 08:00:00+00:00,-24.6,-100.13,0.38,LOSS,RANGING,0.625,9273.46
GBP_USD,H1,BUY,1.2609704732894897,1.2645818442106247,2025-02-20 08:00:00+00:00,2025-02-20 16:00:00+00:00,36.1,219.61,0.64,WIN,TREND,0.625,9493.07
GBP_USD,H1,BUY,1.2670416831970215,1.2654128159795488,2025-02-27 12:00:00+00:00,2025-02-27 13:00:00+00:00,-16.3,-104.91,0.58,LOSS,TREND,0.625,9388.15
GBP_USD,H1,BUY,1.2938786745071411,1.2915508874825068,2025-03-28 17:00:00+00:00,2025-03-31 14:00:00+00:00,-23.3,-100.31,0.4,LOSS,TREND,0.625,9287.84
GBP_USD,H1,BUY,1.3277744054794312,1.3311628976038523,2025-04-18 15:00:00+00:00,2025-04-20 23:00:00+00:00,33.9,221.39,0.69,WIN,TREND,0.625,9509.23
GBP_USD,H1,SELL,1.3460218906402588,1.348658846957343,2025-05-29 11:00:00+00:00,2025-05-29 12:00:00+00:00,-26.4,-101.41,0.36,LOSS,STRONG_TREND,0.625,9407.82
GBP_USD,H1,BUY,1.356024146080017,1.3599019816943578,2025-06-05 07:00:00+00:00,2025-06-05 13:00:00+00:00,38.8,225.57,0.61,WIN,TREND,0.625,9633.39
GBP_USD,H1,BUY,1.3423539400100708,1.3466656867946898,2025-08-08 12:00:00+00:00,2025-08-11 04:00:00+00:00,43.1,231.38,0.56,WIN,TREND,0.625,9864.76
GBP_USD,H1,BUY,1.3458225727081299,1.3497950839144843,2025-08-12 07:00:00+00:00,2025-08-12 12:00:00+00:00,39.7,235.14,0.62,WIN,TREND,0.625,10099.9
GBP_USD,H1,BUY,1.3503477573394775,1.348727524280548,2025-08-28 12:00:00+00:00,2025-08-29 07:00:00+00:00,-16.2,-111.61,0.62,LOSS,STRONG_TREND,0.625,9988.29
GBP_USD,H1,BUY,1.3432915210723877,1.3476164234536034,2025-09-04 11:00:00+00:00,2025-09-05 09:00:00+00:00,43.2,240.4,0.58,WIN,TREND,0.625,10228.69
GBP_USD,H1,BUY,1.3534730672836304,1.3517273579324995,2025-09-10 11:00:00+00:00,2025-09-11 05:00:00+00:00,-17.5,-113.62,0.59,LOSS,TREND,0.625,10115.07
GBP_USD,H1,BUY,1.3635309934616089,1.3671807455165046,2025-09-17 07:00:00+00:00,2025-09-17 18:00:00+00:00,36.5,239.41,0.69,WIN,TREND,0.625,10354.49
GBP_USD,H1,SELL,1.309088945388794,1.311749096427645,2025-11-21 14:00:00+00:00,2025-11-24 13:00:00+00:00,-26.6,-110.77,0.39,LOSS,RANGING,0.625,10243.72
GBP_USD,H1,BUY,1.3093289136886597,1.313226546560015,2025-11-24 14:00:00+00:00,2025-11-25 09:00:00+00:00,39.0,245.36,0.66,WIN,TREND,0.625,10489.08
GBP_USD,H1,BUY,1.336094617843628,1.3347576132842474,2025-12-04 11:00:00+00:00,2025-12-04 12:00:00+00:00,-13.4,-118.33,0.78,LOSS,STRONG_TREND,0.625,10370.76
GBP_USD,H1,BUY,1.3521736860275269,1.350722917488643,2025-12-30 10:00:00+00:00,2025-12-30 11:00:00+00:00,-14.5,-115.78,0.71,LOSS,TREND,0.625,10254.97
GBP_USD,H1,BUY,1.3493092060089111,1.3480057418346405,2026-01-07 07:00:00+00:00,2026-01-07 15:00:00+00:00,-13.0,-117.19,0.79,LOSS,STRONG_TREND,0.625,10137.78
GBP_USD,H1,SELL,1.3644053936004639,1.3660166093281336,2026-02-16 07:00:00+00:00,2026-02-16 09:00:00+00:00,-16.1,-112.85,0.63,LOSS,RANGING,0.625,10024.93
GBP_USD,H4,BUY,1.2806884050369263,1.2871961785214288,2024-07-10 08:00:00+00:00,2024-07-11 08:00:00+00:00,65.1,240.46,0.38,WIN,STRONG_TREND,0.625,10240.46
GBP_USD,H4,BUY,1.2583681344985962,1.2690270415374212,2025-02-19 16:00:00+00:00,2025-02-24 00:00:00+00:00,106.6,251.49,0.24,WIN,STRONG_TREND,0.625,10491.95
USD_JPY,M15,BUY,153.34800720214844,153.67934635707311,2026-02-16 12:30:00+00:00,2026-02-16 23:45:00+00:00,33.1,236.26,1.16,WIN,TREND,0.625,10236.26
USD_JPY,M15,BUY,153.57899475097656,153.91783387320382,2026-02-18 08:00:00+00:00,2026-02-18 13:45:00+00:00,33.9,241.91,1.16,WIN,TREND,0.625,10478.17
USD_JPY,M15,BUY,159.43699645996094,159.247675214495,2026-03-13 07:45:00+00:00,2026-03-13 09:00:00+00:00,-18.9,-114.54,0.85,LOSS,STRONG_TREND,0.625,10363.63
USD_JPY,M15,BUY,158.6230010986328,158.94658279418945,2026-03-20 09:15:00+00:00,2026-03-20 13:45:00+00:00,32.4,244.31,1.23,WIN,TREND,0.625,10607.94
USD_JPY,M15,BUY,158.6719970703125,159.13699913024902,2026-03-24 09:30:00+00:00,2026-03-24 17:00:00+00:00,46.5,255.69,0.88,WIN,TREND,0.625,10863.62
USD_JPY,M15,BUY,159.02099609375,159.40001623971122,2026-03-25 13:30:00+00:00,2026-03-25 18:45:00+00:00,37.9,258.13,1.1,WIN,TREND,0.625,11121.75
USD_JPY,M15,BUY,159.6269989013672,159.51321520124162,2026-03-26 12:45:00+00:00,2026-03-26 13:30:00+00:00,-11.4,-128.49,1.5,LOSS,TREND,0.625,10993.26
USD_JPY,M15,BUY,159.7760009765625,160.0302028656006,2026-03-27 07:00:00+00:00,2026-03-27 15:45:00+00:00,25.4,254.86,1.66,WIN,TREND,0.625,11248.13
USD_JPY,M15,BUY,159.5279998779297,159.9289722442627,2026-03-30 14:45:00+00:00,2026-03-31 00:30:00+00:00,40.1,268.85,1.08,WIN,STRONG_TREND,0.625,11516.97
USD_JPY,M15,BUY,159.7270050048828,159.60679626464844,2026-03-31 10:45:00+00:00,2026-03-31 11:00:00+00:00,-12.0,-132.06,1.47,LOSS,TREND,0.625,11384.91
USD_JPY,M15,BUY,159.58399963378906,159.47043010166712,2026-04-03 14:45:00+00:00,2026-04-06 07:45:00+00:00,-11.4,-131.7,1.54,LOSS,STRONG_TREND,0.625,11253.21
USD_JPY,M15,BUY,159.5500030517578,159.4435043334961,2026-04-06 11:45:00+00:00,2026-04-06 12:45:00+00:00,-10.6,-131.91,1.63,LOSS,STRONG_TREND,0.625,11121.31
USD_JPY,M15,SELL,159.4709930419922,159.57834843226843,2026-04-06 13:30:00+00:00,2026-04-06 14:45:00+00:00,-10.7,-129.55,1.59,LOSS,TREND,0.625,10991.75
USD_JPY,M15,BUY,159.6300048828125,159.47657884870256,2026-04-07 08:00:00+00:00,2026-04-07 08:45:00+00:00,-15.3,-122.57,1.1,LOSS,TREND,0.625,10869.18
USD_JPY,M15,BUY,159.97799682617188,159.83764484950476,2026-04-07 15:00:00+00:00,2026-04-07 16:00:00+00:00,-14.0,-122.49,1.19,LOSS,STRONG_TREND,0.625,10746.7
USD_JPY,M15,BUY,158.90899658203125,159.2151587350028,2026-04-09 07:15:00+00:00,2026-04-09 14:45:00+00:00,30.6,252.86,1.35,WIN,TREND,0.625,10999.56
USD_JPY,M15,BUY,159.26600646972656,159.15490232195174,2026-04-10 08:00:00+00:00,2026-04-10 11:45:00+00:00,-11.1,-127.55,1.52,LOSS,STRONG_TREND,0.625,10872.0
USD_JPY,M15,BUY,159.2740020751953,159.63560676574707,2026-04-10 16:15:00+00:00,2026-04-12 23:00:00+00:00,36.2,259.08,1.16,WIN,STRONG_TREND,0.625,11131.08
USD_JPY,M15,BUY,159.8419952392578,159.75992475237166,2026-04-13 11:45:00+00:00,2026-04-13 12:30:00+00:00,-8.2,-135.95,2.09,LOSS,TREND,0.625,10995.14
USD_JPY,M15,BUY,159.76199340820312,159.67456708635603,2026-04-13 12:30:00+00:00,2026-04-13 13:45:00+00:00,-8.7,-132.26,1.93,LOSS,TREND,0.625,10862.88
USD_JPY,M15,BUY,158.67100524902344,159.04707036699568,2026-04-14 14:00:00+00:00,2026-04-15 02:30:00+00:00,37.6,258.34,1.11,WIN,STRONG_TREND,0.625,11121.22
USD_JPY,M15,BUY,158.97300720214844,158.80093547276087,2026-04-15 10:45:00+00:00,2026-04-15 16:15:00+00:00,-17.2,-122.31,0.99,LOSS,TREND,0.625,10998.91
USD_JPY,M15,BUY,159.27499389648438,159.08545848301478,2026-04-16 17:15:00+00:00,2026-04-16 21:30:00+00:00,-19.0,-120.06,0.89,LOSS,STRONG_TREND,0.625,10878.85
USD_JPY,M15,BUY,159.3179931640625,159.20259748186385,2026-04-22 09:00:00+00:00,2026-04-22 10:45:00+00:00,-11.5,-125.73,1.45,LOSS,STRONG_TREND,0.625,10753.13
USD_JPY,M15,BUY,159.39300537109375,159.78862762451172,2026-04-22 15:00:00+00:00,2026-04-23 17:15:00+00:00,39.6,257.73,1.05,WIN,TREND,0.625,11010.85
USD_JPY,M15,BUY,159.718994140625,159.60510090419226,2026-04-24 08:45:00+00:00,2026-04-24 11:00:00+00:00,-11.4,-127.74,1.49,LOSS,STRONG_TREND,0.625,10883.12
USD_JPY,M15,BUY,159.4290008544922,159.31478554861886,2026-04-27 17:15:00+00:00,2026-04-28 00:00:00+00:00,-11.4,-126.33,1.47,LOSS,TREND,0.625,10756.78
USD_JPY,M15,BUY,159.74200439453125,159.9828085218157,2026-04-29 08:15:00+00:00,2026-04-29 13:00:00+00:00,24.1,249.1,1.72,WIN,STRONG_TREND,0.625,11005.88
USD_JPY,M15,BUY,159.97300720214844,160.18675013950892,2026-04-29 13:00:00+00:00,2026-04-29 13:45:00+00:00,21.4,251.92,1.98,WIN,TREND,0.625,11257.8
USD_JPY,M15,BUY,156.58700561523438,156.38697269984655,2026-05-01 12:45:00+00:00,2026-05-01 13:45:00+00:00,-20.0,-123.3,0.87,LOSS,TREND,0.625,11134.5
USD_JPY,H1,SELL,149.76800537109375,149.95025416782923,2023-10-02 17:00:00+00:00,2023-10-03 11:00:00+00:00,-18.2,-109.34,0.84,LOSS,STRONG_TREND,0.625,9890.66
USD_JPY,H1,BUY,149.9199981689453,149.7975300380162,2023-10-19 15:00:00+00:00,2023-10-19 16:00:00+00:00,-12.2,-113.22,1.24,LOSS,TREND,0.625,9777.45
USD_JPY,H1,BUY,149.73300170898438,149.6092485700335,2023-10-19 16:00:00+00:00,2023-10-23 18:00:00+00:00,-12.4,-112.41,1.22,LOSS,TREND,0.625,9665.04
USD_JPY,H1,BUY,149.9040069580078,150.13250051225936,2023-10-25 08:00:00+00:00,2023-10-25 20:00:00+00:00,22.8,223.02,1.63,WIN,TREND,0.625,9888.05
USD_JPY,H1,SELL,149.08599853515625,149.2986788068499,2023-10-30 14:00:00+00:00,2023-10-31 00:00:00+00:00,-21.3,-107.96,0.72,LOSS,TREND,0.625,9780.1
USD_JPY,H1,SELL,144.37399291992188,145.1739929199219,2023-12-08 12:00:00+00:00,2023-12-08 13:00:00+00:00,-80.0,-101.02,0.19,LOSS,STRONG_TREND,0.625,9679.07
USD_JPY,H1,BUY,150.74200439453125,150.6044316973005,2024-02-23 09:00:00+00:00,2024-02-23 12:00:00+00:00,-13.8,-109.21,1.08,LOSS,TREND,0.625,9569.86
USD_JPY,H1,BUY,151.47999572753906,151.24546214512415,2024-03-25 16:00:00+00:00,2024-03-26 01:00:00+00:00,-23.5,-103.41,0.63,LOSS,TREND,0.625,9466.45
USD_JPY,H1,BUY,151.38499450683594,151.81169155665808,2024-03-26 14:00:00+00:00,2024-03-27 02:00:00+00:00,42.7,225.81,0.85,WIN,TREND,0.625,9692.25
USD_JPY,H1,BUY,151.4510040283203,151.73787879943848,2024-04-01 12:00:00+00:00,2024-04-01 14:00:00+00:00,28.7,227.2,1.3,WIN,TREND,0.625,9919.45
USD_JPY,H1,BUY,151.67799377441406,151.94960294451033,2024-04-03 07:00:00+00:00,2024-04-03 13:00:00+00:00,27.2,230.78,1.4,WIN,STRONG_TREND,0.625,10150.24
USD_JPY,H1,SELL,151.66299438476562,151.29549598693848,2024-04-04 14:00:00+00:00,2024-04-04 18:00:00+00:00,36.7,240.8,1.06,WIN,TREND,0.625,10391.04
USD_JPY,H1,BUY,151.83900451660156,152.07096808297294,2024-04-10 07:00:00+00:00,2024-04-10 12:00:00+00:00,23.2,239.21,1.72,WIN,STRONG_TREND,0.625,10630.25
USD_JPY,H1,SELL,154.59100341796875,153.84983907427107,2024-04-16 14:00:00+00:00,2024-04-19 02:00:00+00:00,74.1,258.53,0.55,WIN,TREND,0.625,10888.78
USD_JPY,H1,BUY,154.76699829101562,154.63114057268416,2024-04-22 09:00:00+00:00,2024-04-23 13:00:00+00:00,-13.6,-123.01,1.23,LOSS,TREND,0.625,10765.77
USD_JPY,H1,BUY,154.8939971923828,154.77892848423548,2024-04-24 08:00:00+00:00,2024-04-24 12:00:00+00:00,-11.5,-124.55,1.44,LOSS,STRONG_TREND,0.625,10641.22
USD_JPY,H1,BUY,155.0019989013672,155.38609940665108,2024-04-24 14:00:00+00:00,2024-04-25 00:00:00+00:00,38.4,254.62,1.07,WIN,TREND,0.625,10895.85
USD_JPY,H1,SELL,154.51800537109375,152.78336715698242,2024-05-02 12:00:00+00:00,2024-05-03 01:00:00+00:00,173.5,267.8,0.24,WIN,STRONG_TREND,0.625,11163.64
USD_JPY,H1,BUY,156.8179931640625,156.64463969639368,2024-05-27 12:00:00+00:00,2024-05-28 03:00:00+00:00,-17.3,-123.14,0.99,LOSS,STRONG_TREND,0.625,11040.51
USD_JPY,H1,BUY,157.31700134277344,157.14578465053015,2024-06-12 09:00:00+00:00,2024-06-12 12:00:00+00:00,-17.1,-121.76,0.99,LOSS,TREND,0.625,10918.74
USD_JPY,H1,BUY,157.93499755859375,157.80106735229492,2024-06-19 16:00:00+00:00,2024-06-19 21:00:00+00:00,-13.4,-123.44,1.25,LOSS,TREND,0.625,10795.3
USD_JPY,H1,SELL,159.10499572753906,157.49650818961007,2024-07-12 08:00:00+00:00,2024-07-12 13:00:00+00:00,160.8,268.79,0.26,WIN,STRONG_TREND,0.625,11064.09
USD_JPY,H1,SELL,156.38999938964844,156.96428516932897,2024-07-18 10:00:00+00:00,2024-07-18 15:00:00+00:00,-57.4,-115.5,0.3,LOSS,TREND,0.625,10948.6
USD_JPY,H1,SELL,151.86399841308594,152.08728899274553,2025-02-11 08:00:00+00:00,2025-02-11 10:00:00+00:00,-22.3,-117.63,0.75,LOSS,RANGING,0.625,10830.97
USD_JPY,H1,BUY,152.7010040283203,152.299864087786,2025-02-14 11:00:00+00:00,2025-02-14 13:00:00+00:00,-40.1,-114.43,0.42,LOSS,TREND,0.625,10716.54
USD_JPY,H1,SELL,146.57200622558594,146.91893550327845,2025-07-24 10:00:00+00:00,2025-07-24 15:00:00+00:00,-34.7,-113.86,0.48,LOSS,STRONG_TREND,0.625,10602.69
USD_JPY,H1,SELL,146.4510040283203,145.87135669163294,2025-09-17 08:00:00+00:00,2025-09-17 18:00:00+00:00,58.0,255.55,0.7,WIN,STRONG_TREND,0.625,10858.23
USD_JPY,H1,BUY,154.09500122070312,153.91896493094308,2025-11-03 14:00:00+00:00,2025-11-03 15:00:00+00:00,-17.6,-119.82,0.95,LOSS,TREND,0.625,10738.42
USD_JPY,H1,BUY,156.29299926757812,156.07229014805384,2025-11-28 07:00:00+00:00,2025-11-28 13:00:00+00:00,-22.1,-116.37,0.75,LOSS,TREND,0.625,10622.05
USD_JPY,H1,BUY,159.78199768066406,160.1358367374965,2026-04-29 08:00:00+00:00,2026-04-29 13:00:00+00:00,35.4,251.04,1.15,WIN,TREND,0.625,10873.09
USD_JPY,H4,SELL,149.85400390625,150.2324322291783,2023-10-19 08:00:00+00:00,2023-10-25 20:00:00+00:00,-37.8,-105.65,0.41,LOSS,STRONG_TREND,0.625,9894.35
USD_JPY,H4,SELL,154.82400512695312,155.03722163609095,2024-04-23 16:00:00+00:00,2024-04-24 12:00:00+00:00,-21.3,-106.71,0.71,LOSS,STRONG_TREND,0.625,9787.65
USD_JPY,H4,SELL,155.8780059814453,156.2854712350028,2024-05-13 08:00:00+00:00,2024-05-14 00:00:00+00:00,-40.7,-102.32,0.37,LOSS,TREND,0.625,9685.32
USD_JPY,H4,SELL,150.40499877929688,151.2049987792969,2024-12-04 12:00:00+00:00,2024-12-09 12:00:00+00:00,-80.0,-101.02,0.19,LOSS,TREND,0.625,9584.3
AUD_USD,M15,BUY,0.7075638175010681,0.7095638175010681,2026-02-10 08:15:00+00:00,2026-02-11 01:45:00+00:00,20.0,227.5,1.25,WIN,STRONG_TREND,0.625,10227.5
AUD_USD,M15,BUY,0.7116424441337585,0.7108424441337585,2026-02-11 09:30:00+00:00,2026-02-11 13:30:00+00:00,-8.0,-125.44,1.28,LOSS,TREND,0.625,10102.06
AUD_USD,M15,BUY,0.7095217704772949,0.7087217704772949,2026-02-16 09:00:00+00:00,2026-02-16 09:30:00+00:00,-8.0,-123.48,1.26,LOSS,TREND,0.625,9978.58
AUD_USD,M15,BUY,0.7085666060447693,0.7077666060447693,2026-02-16 09:30:00+00:00,2026-02-16 14:45:00+00:00,-8.0,-122.5,1.25,LOSS,TREND,0.625,9856.08
AUD_USD,M15,BUY,0.7075137495994568,0.7067137495994568,2026-02-18 08:15:00+00:00,2026-02-18 13:30:00+00:00,-8.0,-120.54,1.23,LOSS,TREND,0.625,9735.54
AUD_USD,M15,BUY,0.7084661722183228,0.7076661722183227,2026-02-23 07:00:00+00:00,2026-02-23 08:00:00+00:00,-8.0,-119.56,1.22,LOSS,STRONG_TREND,0.625,9615.98
AUD_USD,M15,BUY,0.6889377236366272,0.6879232738699231,2026-03-27 15:45:00+00:00,2026-03-27 17:00:00+00:00,-10.1,-113.47,0.95,LOSS,TREND,0.625,9502.51
AUD_USD,M15,BUY,0.6862287521362305,0.6854287521362304,2026-03-30 12:45:00+00:00,2026-03-30 13:30:00+00:00,-8.0,-116.62,1.19,LOSS,TREND,0.625,9385.89
AUD_USD,M15,BUY,0.6910229325294495,0.6902229325294494,2026-04-03 07:00:00+00:00,2026-04-03 12:30:00+00:00,-8.0,-114.66,1.17,LOSS,TREND,0.625,9271.23
AUD_USD,M15,BUY,0.7041112780570984,0.7061112780570984,2026-04-09 11:30:00+00:00,2026-04-09 15:15:00+00:00,20.0,211.12,1.16,WIN,TREND,0.625,9482.35
AUD_USD,M15,BUY,0.7157273888587952,0.7177273888587952,2026-04-20 10:15:00+00:00,2026-04-20 18:00:00+00:00,20.0,216.58,1.19,WIN,TREND,0.625,9698.93
AUD_USD,M15,BUY,0.7134143114089966,0.7154143114089966,2026-04-24 07:45:00+00:00,2026-04-27 00:45:00+00:00,20.0,220.22,1.21,WIN,TREND,0.625,9919.15
AUD_USD,M15,BUY,0.7164350152015686,0.7156350152015686,2026-04-29 12:15:00+00:00,2026-04-29 13:15:00+00:00,-8.0,-121.52,1.24,LOSS,TREND,0.625,9797.63
AUD_USD,H1,SELL,0.6321112513542175,0.6338221941675458,2023-10-20 16:00:00+00:00,2023-10-23 15:00:00+00:00,-17.1,-109.67,0.58,LOSS,STRONG_TREND,0.625,9890.33
AUD_USD,H1,BUY,0.6509484648704529,0.6496418969971793,2023-11-06 11:00:00+00:00,2023-11-06 15:00:00+00:00,-13.1,-112.98,0.76,LOSS,STRONG_TREND,0.625,9777.35
AUD_USD,H1,BUY,0.6451488137245178,0.6483128783958299,2024-04-23 10:00:00+00:00,2024-04-23 14:00:00+00:00,31.6,229.77,0.77,WIN,STRONG_TREND,0.625,10007.12
AUD_USD,H1,BUY,0.6618483662605286,0.6643655076622963,2024-05-14 12:00:00+00:00,2024-05-15 02:00:00+00:00,25.2,231.38,0.99,WIN,TREND,0.625,10238.5
AUD_USD,H1,BUY,0.6632487177848816,0.6662232556513378,2024-05-31 07:00:00+00:00,2024-05-31 12:00:00+00:00,29.7,240.33,0.86,WIN,TREND,0.625,10478.83
AUD_USD,H1,BUY,0.665916383266449,0.6648592672177723,2024-06-07 10:00:00+00:00,2024-06-07 12:00:00+00:00,-10.6,-122.47,0.99,LOSS,STRONG_TREND,0.625,10356.35
AUD_USD,H1,SELL,0.6651280522346497,0.6669610738754272,2024-06-26 14:00:00+00:00,2024-06-27 06:00:00+00:00,-18.3,-112.73,0.56,LOSS,STRONG_TREND,0.625,10243.62
AUD_USD,H1,BUY,0.6742770075798035,0.6731384737151009,2024-07-09 07:00:00+00:00,2024-07-09 12:00:00+00:00,-11.4,-118.67,0.9,LOSS,TREND,0.625,10124.95
AUD_USD,H1,BUY,0.6743316054344177,0.6730505313192096,2024-08-21 13:00:00+00:00,2024-08-22 02:00:00+00:00,-12.8,-115.42,0.79,LOSS,TREND,0.625,10009.53
AUD_USD,H1,BUY,0.6812916994094849,0.6798244799886431,2024-09-20 10:00:00+00:00,2024-09-20 13:00:00+00:00,-14.7,-112.01,0.68,LOSS,TREND,0.625,9897.52
AUD_USD,H1,SELL,0.6607638597488403,0.6575823766844613,2024-10-28 13:00:00+00:00,2024-10-29 00:00:00+00:00,31.8,234.12,0.78,WIN,STRONG_TREND,0.625,10131.63
AUD_USD,H1,BUY,0.6401310563087463,0.6385948530265263,2025-04-29 10:00:00+00:00,2025-04-29 14:00:00+00:00,-15.4,-113.27,0.66,LOSS,STRONG_TREND,0.625,10018.37
AUD_USD,H1,SELL,0.6550933718681335,0.656174225466592,2025-09-26 17:00:00+00:00,2025-09-29 02:00:00+00:00,-10.8,-117.26,0.93,LOSS,TREND,0.625,9901.11
AUD_USD,H1,BUY,0.6511264443397522,0.6549379910741534,2025-10-24 16:00:00+00:00,2025-10-27 06:00:00+00:00,38.1,236.05,0.65,WIN,TREND,0.625,10137.16
AUD_USD,H1,SELL,0.6481721997261047,0.6491895169019699,2025-11-07 12:00:00+00:00,2025-11-07 13:00:00+00:00,-10.2,-119.73,1.0,LOSS,TREND,0.625,10017.42
AUD_USD,H1,SELL,0.6510416865348816,0.6477706208825111,2025-11-18 13:00:00+00:00,2025-11-19 15:00:00+00:00,32.7,238.01,0.77,WIN,STRONG_TREND,0.625,10255.44
AUD_USD,H1,SELL,0.7035812139511108,0.7062133039746966,2026-03-19 15:00:00+00:00,2026-03-19 18:00:00+00:00,-26.3,-109.67,0.39,LOSS,TREND,0.625,10145.77
AUD_USD,H4,SELL,0.6565082669258118,0.6602412057774407,2023-12-11 08:00:00+00:00,2023-12-12 12:00:00+00:00,-37.3,-105.65,0.27,LOSS,TREND,0.625,9894.35
AUD_USD,H4,BUY,0.6523412466049194,0.6490311516182763,2024-02-15 16:00:00+00:00,2024-02-28 16:00:00+00:00,-33.1,-104.7,0.3,LOSS,TREND,0.625,9789.65
AUD_USD,H4,SELL,0.6286144852638245,0.6318132941211972,2025-03-13 16:00:00+00:00,2025-03-14 12:00:00+00:00,-32.0,-104.74,0.31,LOSS,TREND,0.625,9684.9
AUD_USD,H4,BUY,0.7161527872085571,0.7132466648306165,2026-04-20 08:00:00+00:00,2026-04-21 16:00:00+00:00,-29.1,-101.84,0.33,LOSS,STRONG_TREND,0.625,9583.06
USD_CAD,M15,BUY,1.3574199676513672,1.3556885378701347,2026-02-12 13:15:00+00:00,2026-02-12 14:00:00+00:00,-17.3,-110.39,0.75,LOSS,STRONG_TREND,0.625,9889.61
USD_CAD,M15,BUY,1.3583199977874756,1.3632405421563558,2026-02-12 14:45:00+00:00,2026-02-12 16:15:00+00:00,49.2,237.26,0.65,WIN,TREND,0.625,10126.88
USD_CAD,M15,BUY,1.3618199825286865,1.3601860318865096,2026-02-13 11:00:00+00:00,2026-02-13 13:45:00+00:00,-16.3,-111.74,0.8,LOSS,TREND,0.625,10015.14
USD_CAD,M15,BUY,1.3618899583816528,1.3591385356017522,2026-02-13 16:15:00+00:00,2026-02-13 17:45:00+00:00,-27.5,-106.09,0.47,LOSS,TREND,0.625,9909.05
USD_CAD,M15,BUY,1.3615700006484985,1.3650655895471573,2026-02-16 10:00:00+00:00,2026-02-17 07:15:00+00:00,35.0,234.88,0.92,WIN,TREND,0.625,10143.93
USD_CAD,M15,BUY,1.3653000593185425,1.3690312675067358,2026-02-17 13:00:00+00:00,2026-02-17 15:30:00+00:00,37.3,240.63,0.88,WIN,TREND,0.625,10384.56
USD_CAD,M15,BUY,1.3658900260925293,1.3647617740290505,2026-02-18 07:15:00+00:00,2026-02-18 10:00:00+00:00,-11.3,-120.88,1.2,LOSS,STRONG_TREND,0.625,10263.68
USD_CAD,M15,BUY,1.369089961051941,1.3674377841608865,2026-02-19 12:00:00+00:00,2026-02-19 15:45:00+00:00,-16.5,-114.27,0.81,LOSS,STRONG_TREND,0.625,10149.4
USD_CAD,M15,BUY,1.3692200183868408,1.3678721572671617,2026-02-20 08:15:00+00:00,2026-02-20 09:15:00+00:00,-13.5,-115.29,0.98,LOSS,STRONG_TREND,0.625,10034.11
USD_CAD,M15,BUY,1.3697799444198608,1.368023863860539,2026-02-20 14:30:00+00:00,2026-02-20 15:00:00+00:00,-17.6,-110.32,0.74,LOSS,TREND,0.625,9923.79
USD_CAD,M15,BUY,1.368340015411377,1.3665100080626351,2026-02-20 15:00:00+00:00,2026-02-23 00:00:00+00:00,-18.3,-108.34,0.7,LOSS,TREND,0.625,9815.45
USD_CAD,M15,BUY,1.3685100078582764,1.3671439588069916,2026-02-23 11:45:00+00:00,2026-02-23 14:15:00+00:00,-13.7,-110.71,0.93,LOSS,TREND,0.625,9704.74
USD_CAD,M15,BUY,1.3711999654769897,1.369841388293675,2026-02-24 12:15:00+00:00,2026-02-24 16:15:00+00:00,-13.6,-110.18,0.93,LOSS,TREND,0.625,9594.56
USD_CAD,M15,BUY,1.3689199686050415,1.367694275719779,2026-02-25 08:15:00+00:00,2026-02-25 15:00:00+00:00,-12.3,-110.4,1.02,LOSS,STRONG_TREND,0.625,9484.16
USD_CAD,M15,BUY,1.3680200576782227,1.366542556456157,2026-02-26 10:45:00+00:00,2026-02-27 03:15:00+00:00,-14.8,-105.93,0.83,LOSS,TREND,0.625,9378.23
USD_CAD,M15,BUY,1.3660399913787842,1.3645732062203544,2026-03-02 07:00:00+00:00,2026-03-02 09:00:00+00:00,-14.7,-105.25,0.83,LOSS,TREND,0.625,9272.98
USD_CAD,M15,BUY,1.3684899806976318,1.3731025180646352,2026-03-03 08:00:00+00:00,2026-03-03 14:45:00+00:00,46.1,221.85,0.65,WIN,TREND,0.625,9494.83
USD_CAD,M15,BUY,1.3669999837875366,1.3653210742133004,2026-03-06 10:00:00+00:00,2026-03-06 10:45:00+00:00,-16.8,-104.49,0.73,LOSS,TREND,0.625,9390.34
USD_CAD,M15,BUY,1.3585100173950195,1.3563896545342036,2026-03-09 17:30:00+00:00,2026-03-09 19:15:00+00:00,-21.2,-102.73,0.58,LOSS,STRONG_TREND,0.625,9287.61
USD_CAD,M15,BUY,1.3562699556350708,1.3582699556350708,2026-03-11 07:45:00+00:00,2026-03-11 12:45:00+00:00,20.0,211.61,1.51,WIN,STRONG_TREND,0.625,9499.22
USD_CAD,M15,BUY,1.3602099418640137,1.3637348754065377,2026-03-12 12:30:00+00:00,2026-03-12 20:15:00+00:00,35.2,224.08,0.87,WIN,TREND,0.625,9723.3
USD_CAD,M15,BUY,1.365880012512207,1.3687997247491563,2026-03-13 07:00:00+00:00,2026-03-13 12:30:00+00:00,29.2,227.83,1.08,WIN,STRONG_TREND,0.625,9951.13
USD_CAD,M15,BUY,1.368939995765686,1.373073120202337,2026-03-17 09:15:00+00:00,2026-03-18 20:00:00+00:00,41.3,237.42,0.78,WIN,TREND,0.625,10188.56
USD_CAD,M15,BUY,1.373710036277771,1.3723321855068207,2026-03-19 07:30:00+00:00,2026-03-19 09:15:00+00:00,-13.8,-115.16,0.96,LOSS,STRONG_TREND,0.625,10073.4
USD_CAD,M15,BUY,1.3727699518203735,1.3715528036866869,2026-03-20 07:00:00+00:00,2026-03-20 07:45:00+00:00,-12.2,-115.11,1.07,LOSS,STRONG_TREND,0.625,9958.29
USD_CAD,M15,BUY,1.3742400407791138,1.37262858237539,2026-03-23 09:15:00+00:00,2026-03-23 11:00:00+00:00,-16.1,-110.35,0.8,LOSS,STRONG_TREND,0.625,9847.93
USD_CAD,M15,BUY,1.3754600286483765,1.373762880052839,2026-03-24 12:30:00+00:00,2026-03-24 12:45:00+00:00,-17.0,-108.41,0.75,LOSS,TREND,0.625,9739.53
USD_CAD,M15,BUY,1.3782700300216675,1.377077545438494,2026-03-25 07:30:00+00:00,2026-03-25 13:15:00+00:00,-11.9,-112.02,1.06,LOSS,STRONG_TREND,0.625,9627.51
USD_CAD,M15,BUY,1.3834999799728394,1.3821156919002533,2026-03-26 08:15:00+00:00,2026-03-26 10:00:00+00:00,-13.8,-108.41,0.9,LOSS,TREND,0.625,9519.1
USD_CAD,M15,BUY,1.3845200538635254,1.3830821854727608,2026-03-26 11:30:00+00:00,2026-03-26 12:45:00+00:00,-14.4,-107.14,0.86,LOSS,TREND,0.625,9411.97
USD_CAD,M15,BUY,1.386639952659607,1.3910060141767775,2026-03-27 15:00:00+00:00,2026-03-30 07:45:00+00:00,43.7,225.63,0.7,WIN,TREND,0.625,9637.59
USD_CAD,M15,BUY,1.3921200037002563,1.3955244613545281,2026-03-30 11:45:00+00:00,2026-03-31 14:45:00+00:00,34.0,228.42,0.92,WIN,STRONG_TREND,0.625,9866.02
USD_CAD,M15,BUY,1.3925000429153442,1.3911714553833008,2026-04-02 11:15:00+00:00,2026-04-02 12:00:00+00:00,-13.3,-111.51,0.96,LOSS,TREND,0.625,9754.5
USD_CAD,M15,BUY,1.3936899900436401,1.3923989151205336,2026-04-03 13:00:00+00:00,2026-04-06 07:30:00+00:00,-12.9,-111.01,0.98,LOSS,TREND,0.625,9643.49
USD_CAD,M15,BUY,1.391800045967102,1.3906021586486272,2026-04-07 07:15:00+00:00,2026-04-07 08:45:00+00:00,-12.0,-111.4,1.05,LOSS,TREND,0.625,9532.09
USD_CAD,M15,BUY,1.3856799602508545,1.384461726461138,2026-04-09 08:15:00+00:00,2026-04-09 08:45:00+00:00,-12.2,-109.82,1.02,LOSS,STRONG_TREND,0.625,9422.27
USD_CAD,M15,BUY,1.3832099437713623,1.3821321172373635,2026-04-10 07:00:00+00:00,2026-04-10 11:45:00+00:00,-10.8,-110.41,1.14,LOSS,TREND,0.625,9311.86
USD_CAD,M15,BUY,1.3831299543380737,1.3809667144502913,2026-04-10 15:30:00+00:00,2026-04-13 14:15:00+00:00,-21.6,-101.04,0.56,LOSS,STRONG_TREND,0.625,9210.82
USD_CAD,M15,BUY,1.3768999576568604,1.3754278336252486,2026-04-15 09:45:00+00:00,2026-04-15 14:00:00+00:00,-14.7,-103.04,0.81,LOSS,TREND,0.625,9107.78
USD_CAD,M15,BUY,1.372499942779541,1.3710513710975647,2026-04-16 08:45:00+00:00,2026-04-16 13:30:00+00:00,-14.5,-102.83,0.82,LOSS,TREND,0.625,9004.95
USD_CAD,M15,BUY,1.3675299882888794,1.3656035619122642,2026-04-17 17:15:00+00:00,2026-04-20 15:00:00+00:00,-19.3,-98.94,0.61,LOSS,TREND,0.625,8906.01
USD_CAD,M15,BUY,1.3645000457763672,1.3633985774857658,2026-04-21 07:15:00+00:00,2026-04-21 13:45:00+00:00,-11.0,-103.61,1.05,LOSS,TREND,0.625,8802.4
USD_CAD,M15,BUY,1.3658499717712402,1.3641239191804613,2026-04-21 16:45:00+00:00,2026-04-22 05:15:00+00:00,-17.3,-96.87,0.66,LOSS,STRONG_TREND,0.625,8705.54
USD_CAD,M15,BUY,1.3657699823379517,1.3645560017653875,2026-04-22 11:15:00+00:00,2026-04-22 13:45:00+00:00,-12.1,-99.82,0.93,LOSS,TREND,0.625,8605.72
USD_CAD,M15,BUY,1.3678200244903564,1.3664978742599487,2026-04-23 10:30:00+00:00,2026-04-23 11:45:00+00:00,-13.2,-98.32,0.85,LOSS,TREND,0.625,8507.4
USD_CAD,M15,BUY,1.3693100214004517,1.367502544607435,2026-04-23 16:45:00+00:00,2026-04-24 11:00:00+00:00,-18.1,-93.35,0.61,LOSS,TREND,0.625,8414.05
USD_CAD,M15,BUY,1.3689600229263306,1.3674439362117223,2026-04-24 13:15:00+00:00,2026-04-24 15:45:00+00:00,-15.2,-94.03,0.72,LOSS,STRONG_TREND,0.625,8320.02
USD_CAD,M15,BUY,1.3634799718856812,1.3667719683476858,2026-04-28 07:00:00+00:00,2026-04-28 11:15:00+00:00,32.9,196.49,0.82,WIN,TREND,0.625,8516.51
USD_CAD,M15,BUY,1.367650032043457,1.3657793317522322,2026-04-28 15:15:00+00:00,2026-04-30 10:15:00+00:00,-18.7,-93.16,0.59,LOSS,STRONG_TREND,0.625,8423.35
USD_CAD,M15,BUY,1.3667199611663818,1.3648470767906733,2026-04-30 13:00:00+00:00,2026-04-30 14:00:00+00:00,-18.7,-91.68,0.58,LOSS,STRONG_TREND,0.625,8331.66
USD_CAD,H1,BUY,1.3789399862289429,1.3769792658942086,2023-11-09 09:00:00+00:00,2023-11-09 13:00:00+00:00,-19.6,-108.79,0.66,LOSS,TREND,0.625,9891.21
USD_CAD,H1,BUY,1.3728300333023071,1.3708747029304504,2023-11-21 09:00:00+00:00,2023-11-21 10:00:00+00:00,-19.6,-108.52,0.66,LOSS,TREND,0.625,9782.69
USD_CAD,H1,BUY,1.358780026435852,1.3568535872868128,2023-12-13 11:00:00+00:00,2023-12-13 13:00:00+00:00,-19.3,-107.05,0.66,LOSS,RANGING,0.625,9675.64
USD_CAD,H1,BUY,1.3255000114440918,1.3246396226542336,2023-12-25 16:00:00+00:00,2023-12-25 23:00:00+00:00,-8.6,-116.96,1.46,LOSS,TREND,0.625,9558.68
USD_CAD,H1,BUY,1.320289969444275,1.318353887115206,2023-12-27 09:00:00+00:00,2023-12-27 14:00:00+00:00,-19.4,-104.28,0.64,LOSS,STRONG_TREND,0.625,9454.4
USD_CAD,H1,BUY,1.3217600584030151,1.3197490274906158,2023-12-28 11:00:00+00:00,2023-12-28 14:00:00+00:00,-20.1,-102.91,0.61,LOSS,TREND,0.625,9351.49
USD_CAD,H1,BUY,1.3244999647140503,1.3236999647140504,2024-01-01 13:00:00+00:00,2024-01-01 18:00:00+00:00,-8.0,-114.7,1.52,LOSS,STRONG_TREND,0.625,9236.79
USD_CAD,H1,BUY,1.3382400274276733,1.3361485941069466,2024-01-10 14:00:00+00:00,2024-01-11 01:00:00+00:00,-20.9,-99.69,0.57,LOSS,TREND,0.625,9137.1
USD_CAD,H1,BUY,1.3486499786376953,1.3466860524245672,2024-01-19 07:00:00+00:00,2024-01-19 09:00:00+00:00,-19.6,-99.05,0.6,LOSS,RANGING,0.75,9038.05
USD_CAD,H1,BUY,1.3481099605560303,1.3457656460148948,2024-01-23 15:00:00+00:00,2024-01-23 21:00:00+00:00,-23.4,-97.19,0.5,LOSS,TREND,0.625,8940.86
USD_CAD,H1,SELL,1.3459299802780151,1.3419334249837058,2024-02-09 10:00:00+00:00,2024-02-09 13:00:00+00:00,40.0,214.53,0.73,WIN,TREND,0.625,9155.39
USD_CAD,H1,BUY,1.346500039100647,1.3449646532535553,2024-02-12 09:00:00+00:00,2024-02-12 14:00:00+00:00,-15.4,-101.71,0.77,LOSS,TREND,0.625,9053.68
USD_CAD,H1,BUY,1.3450599908828735,1.3433874930654253,2024-02-12 14:00:00+00:00,2024-02-12 16:00:00+00:00,-16.7,-99.85,0.7,LOSS,TREND,0.625,8953.83
USD_CAD,H1,BUY,1.3487999439239502,1.3470845818519592,2024-02-19 16:00:00+00:00,2024-02-20 13:00:00+00:00,-17.2,-99.24,0.68,LOSS,STRONG_TREND,0.625,8854.59
USD_CAD,H1,BUY,1.3520900011062622,1.3501850324017661,2024-02-21 10:00:00+00:00,2024-02-21 15:00:00+00:00,-19.0,-96.33,0.6,LOSS,TREND,0.625,8758.27
USD_CAD,H1,BUY,1.3494999408721924,1.3475820464747292,2024-02-23 09:00:00+00:00,2024-02-23 11:00:00+00:00,-19.2,-95.31,0.59,LOSS,TREND,0.625,8662.96
USD_CAD,H1,BUY,1.3450000286102295,1.3432600540774209,2024-03-08 12:00:00+00:00,2024-03-08 13:00:00+00:00,-17.4,-96.09,0.65,LOSS,STRONG_TREND,0.625,8566.87
USD_CAD,H1,BUY,1.3580199480056763,1.3564942819731576,2024-04-03 08:00:00+00:00,2024-04-03 11:00:00+00:00,-15.3,-95.88,0.73,LOSS,TREND,0.625,8470.99
USD_CAD,H1,BUY,1.3724299669265747,1.3699035431657518,2024-04-22 14:00:00+00:00,2024-04-22 17:00:00+00:00,-25.3,-91.69,0.44,LOSS,TREND,0.625,8379.3
USD_CAD,H1,SELL,1.3682700395584106,1.371585019997188,2024-05-03 17:00:00+00:00,2024-05-07 15:00:00+00:00,-33.1,-88.81,0.33,LOSS,STRONG_TREND,0.625,8290.49
USD_CAD,H1,BUY,1.3610800504684448,1.3594150628362383,2024-05-20 08:00:00+00:00,2024-05-20 14:00:00+00:00,-16.6,-92.34,0.65,LOSS,TREND,0.625,8198.15
USD_CAD,H1,BUY,1.3757799863815308,1.3738750304494585,2024-06-14 08:00:00+00:00,2024-06-14 15:00:00+00:00,-19.0,-89.9,0.56,LOSS,TREND,0.625,8108.24
USD_CAD,H1,BUY,1.374169945716858,1.3726399498326438,2024-06-17 08:00:00+00:00,2024-06-17 17:00:00+00:00,-15.3,-90.85,0.69,LOSS,TREND,0.625,8017.39
USD_CAD,H1,BUY,1.371000051498413,1.3694668114185333,2024-06-20 09:00:00+00:00,2024-06-20 13:00:00+00:00,-15.3,-89.71,0.68,LOSS,TREND,0.625,7927.69
USD_CAD,H4,BUY,1.3470300436019897,1.3427539765834808,2024-01-19 08:00:00+00:00,2024-01-19 20:00:00+00:00,-42.8,-102.94,0.3,LOSS,TREND,0.625,9897.06
USD_CAD,H4,BUY,1.3579399585723877,1.3530071335179465,2024-03-22 08:00:00+00:00,2024-03-28 12:00:00+00:00,-49.3,-102.36,0.26,LOSS,TREND,0.625,9794.71
USD_CAD,H4,BUY,1.3662400245666504,1.3780712485313416,2024-04-29 16:00:00+00:00,2024-04-30 20:00:00+00:00,118.3,242.23,0.27,WIN,RANGING,0.625,10036.94
USD_CAD,H4,SELL,1.3712799549102783,1.3749945972646986,2024-05-07 12:00:00+00:00,2024-05-08 00:00:00+00:00,-37.1,-104.96,0.35,LOSS,STRONG_TREND,0.625,9931.97
USD_CAD,H4,BUY,1.3743300437927246,1.3711050323077612,2024-08-12 16:00:00+00:00,2024-08-13 16:00:00+00:00,-32.3,-104.87,0.4,LOSS,TREND,0.625,9827.1
USD_CAD,H4,BUY,1.3590400218963623,1.3552375052656447,2024-09-13 16:00:00+00:00,2024-09-18 16:00:00+00:00,-38.0,-104.26,0.34,LOSS,TREND,0.625,9722.84
USD_CAD,H4,SELL,1.3725999593734741,1.3747877989496504,2026-01-02 08:00:00+00:00,2026-01-05 00:00:00+00:00,-21.9,-105.75,0.58,LOSS,TREND,0.625,9617.09
USD_CAD,H4,SELL,1.3657599687576294,1.3530421150582177,2026-02-06 16:00:00+00:00,2026-02-10 12:00:00+00:00,127.2,241.35,0.25,WIN,TREND,0.625,9858.44
